{
    "model": "LogisticRegression",
    "intercept": [
        -4.262454445010232
    ],
    "coefficients": [
        [
            -0.5141856218314276,
            2.4275510621560956,
            0.9606582508913035,
            0.5968965449111658,
            0.38151316711132754,
            1.09990606530595,
            0.9905891449243651,
            -0.5776721700289993,
            -0.5898260437692195,
            -0.5290317578703442,
            -0.5956782096046489,
            -1.6139159620795749,
            0.48582072471148374,
            -1.1013565010272839,
            -0.5588530288269652,
            -1.7297953995709647,
            -0.019133365637465042,
            -1.291204790694728,
            -1.383881053068496,
            -0.179022148815648,
            0.2619124941735427,
            -1.3870792639593974,
            0.103688247603587,
            0.733514508194931,
            0.5729063773293068,
            -0.08548747978523463,
            -0.07066800309409854,
            -0.5053458945969797,
            -0.5050048784405592,
            1.0590596537446644
        ]
    ],
    "features": [
        "Time",
        "V1",
        "V2",
        "V3",
        "V4",
        "V5",
        "V6",
        "V7",
        "V8",
        "V9",
        "V10",
        "V11",
        "V12",
        "V13",
        "V14",
        "V15",
        "V16",
        "V17",
        "V18",
        "V19",
        "V20",
        "V21",
        "V22",
        "V23",
        "V24",
        "V25",
        "V26",
        "V27",
        "V28",
        "Amount"
    ]
}