{
    "model": "RandomForest",
    "roc_auc": 0.9729292339473774,
    "roc_curve": {
        "fpr": [
            0.0,
            0.0,
            0.0,
            0.0,
            0.0,
            1.758581879572313e-05,
            1.758581879572313e-05,
            1.758581879572313e-05,
            1.758581879572313e-05,
            1.758581879572313e-05,
            1.758581879572313e-05,
            1.758581879572313e-05,
            3.517163759144626e-05,
            3.517163759144626e-05,
            5.2757456387169386e-05,
            5.2757456387169386e-05,
            5.2757456387169386e-05,
            5.2757456387169386e-05,
            7.034327518289252e-05,
            7.034327518289252e-05,
            0.00010551491277433877,
            0.00014068655036578504,
            0.00015827236916150816,
            0.00015827236916150816,
            0.00021102982554867754,
            0.00021102982554867754,
            0.0002462014631401238,
            0.00026378728193584693,
            0.0002813731007315701,
            0.0002813731007315701,
            0.0003165447383230163,
            0.00035171637591446255,
            0.00040447383230163194,
            0.00043964546989307823,
            0.0004572312886888013,
            0.0004572312886888013,
            0.0004924029262802476,
            0.0004924029262802476,
            0.0005275745638716939,
            0.0005803320202588633,
            0.0006155036578503095,
            0.0006155036578503095,
            0.0006330894766460326,
            0.0006858469330332021,
            0.0007561902082160945,
            0.0007737760270118177,
            0.0008441193021947102,
            0.0009848058525604951,
            0.0010375633089476646,
            0.0010551491277433877,
            0.0011606640405177266,
            0.0012485931344963421,
            0.0012837647720877884,
            0.0013013505908835116,
            0.0013892796848621273,
            0.0014068655036578502,
            0.001512380416432189,
            0.0015827236916150817,
            0.0017937535171637592,
            0.0018816826111423747,
            0.0022685706246482838,
            0.0024268429938097916,
            0.002690630275745639,
            0.0029368317388857625,
            0.0032533764772087787,
            0.003816122678671919,
            0.004062324141812043,
            0.004660241980866629,
            0.005099887450759707,
            0.0056450478334271244,
            0.006418823860438942,
            0.007227771525042206,
            0.008265334833989871,
            0.009601857062464829,
            0.011272509848058526,
            0.013347636465953855,
            0.01566896454698931,
            0.01929164321890827,
            0.02405740011254924,
            0.031267585818795726,
            0.041959763646595385,
            0.062253798536859875,
            0.10117121553179516,
            0.21204980303882948,
            1.0
        ],
        "tpr": [
            0.0,
            0.35714285714285715,
            0.37755102040816324,
            0.46938775510204084,
            0.5102040816326531,
            0.5408163265306123,
            0.5510204081632653,
            0.5714285714285714,
            0.6020408163265306,
            0.6428571428571429,
            0.6632653061224489,
            0.6836734693877551,
            0.6836734693877551,
            0.7142857142857143,
            0.7244897959183674,
            0.7346938775510204,
            0.7551020408163265,
            0.7653061224489796,
            0.7653061224489796,
            0.7857142857142857,
            0.7857142857142857,
            0.7857142857142857,
            0.7959183673469388,
            0.8061224489795918,
            0.8061224489795918,
            0.8163265306122449,
            0.8163265306122449,
            0.8163265306122449,
            0.826530612244898,
            0.8367346938775511,
            0.8367346938775511,
            0.8469387755102041,
            0.8469387755102041,
            0.8469387755102041,
            0.8469387755102041,
            0.8571428571428571,
            0.8571428571428571,
            0.8673469387755102,
            0.8877551020408163,
            0.8877551020408163,
            0.8877551020408163,
            0.8979591836734694,
            0.8979591836734694,
            0.8979591836734694,
            0.8979591836734694,
            0.8979591836734694,
            0.8979591836734694,
            0.8979591836734694,
            0.8979591836734694,
            0.8979591836734694,
            0.8979591836734694,
            0.8979591836734694,
            0.8979591836734694,
            0.8979591836734694,
            0.8979591836734694,
            0.8979591836734694,
            0.8979591836734694,
            0.8979591836734694,
            0.8979591836734694,
            0.8979591836734694,
            0.8979591836734694,
            0.8979591836734694,
            0.8979591836734694,
            0.8979591836734694,
            0.8979591836734694,
            0.8979591836734694,
            0.8979591836734694,
            0.8979591836734694,
            0.8979591836734694,
            0.8979591836734694,
            0.9081632653061225,
            0.9081632653061225,
            0.9081632653061225,
            0.9081632653061225,
            0.9183673469387755,
            0.9183673469387755,
            0.9183673469387755,
            0.9183673469387755,
            0.9285714285714286,
            0.9285714285714286,
            0.9285714285714286,
            0.9489795918367347,
            0.9591836734693877,
            0.9591836734693877,
            1.0
        ],
        "thresholds": [
            Infinity,
            1.0,
            0.995,
            0.99,
            0.98,
            0.975,
            0.965,
            0.95,
            0.935,
            0.915,
            0.9,
            0.88,
            0.875,
            0.85,
            0.84,
            0.835,
            0.815,
            0.78,
            0.755,
            0.72,
            0.685,
            0.62,
            0.595,
            0.585,
            0.56,
            0.555,
            0.53,
            0.515,
            0.495,
            0.475,
            0.46,
            0.45,
            0.4,
            0.39,
            0.38,
            0.345,
            0.32,
            0.315,
            0.3,
            0.27,
            0.265,
            0.26,
            0.25,
            0.245,
            0.235,
            0.23,
            0.215,
            0.205,
            0.2,
            0.195,
            0.185,
            0.18,
            0.175,
            0.17,
            0.165,
            0.16,
            0.155,
            0.15,
            0.14,
            0.135,
            0.125,
            0.12,
            0.115,
            0.11,
            0.105,
            0.095,
            0.09,
            0.085,
            0.08,
            0.075,
            0.07,
            0.065,
            0.06,
            0.055,
            0.05,
            0.045,
            0.04,
            0.035,
            0.03,
            0.025,
            0.02,
            0.015,
            0.01,
            0.005,
            0.0
        ]
    },